'epoch', 'accuracy', 'loss'
1, 0.45249998569488525, 6.787705898284912
2, 0.5683333277702332, 5.521517753601074
3, 0.6483333110809326, 4.95121955871582
4, 0.6741666793823242, 4.3984174728393555
5, 0.659166693687439, 4.5414557456970215
6, 0.7066666483879089, 4.090581893920898
